2015	Sen	CellRep	GSE66411	mRNA_WT_TIF1_rep_1_30_deg	SRR1822465	CTGTAGGCACCATCAAT	NA	mRNA	CHX	GSM1622008
2015	Sen	CellRep	GSE66411	mRNA_WT_TIF1_rep_2_30_deg	SRR1822466	CTGTAGGCACCATCAAT	NA	mRNA	CHX	GSM1622009
2015	Nedialkova	Cell	GSE67387	WT_mRNA_YPD_rep1	SRR1944924	NA	NA	mRNA	CHX	GSM1646027
2015	Nedialkova	Cell	GSE67387	WT_mRNA_YPD_rep2	SRR1944925	NA	NA	mRNA	CHX	GSM1646028
2015	Nedialkova	Cell	GSE67387	WT_mRNA_YPD_rep3	SRR1944926	NA	NA	mRNA	CHX	GSM1646029
2014	Artieri	GenomeRes	GSE50049	mixed_mrna_rep1	SRR1040263	polyA	NA	mRNA	CHX	GSM1278061
2014	Artieri	GenomeRes	GSE50049	scer_mrna	SRR951828	polyA	NA	mRNA	CHX	GSM1213151
2014	Albert	PLoSGenet	GSE55400	BY_mRNA	SRR1177156	CTGTAGGCACCATCAAT	NA	mRNA	CHX	GSM1335347
2014	McManus	PLoSGenet	GSE52119	RNA_Rep_1	SRR948553	CTGTAGGCACCATCAAT	NA	mRNA	CHX	GSM1259972
2014	McManus	PLoSGenet	GSE52119	RNA_Rep_2	SRR948555	CTGTAGGCACCATCAAT	NA	mRNA	CHX	GSM1259973
2014	Guydosh	Cell	GSE52968	WT_mRNA-Seq	SRR1042851	CTGTAGGCACCATCAAT	NA	mRNA	CHX	GSM1279566
2013	Zinshteyn	PLosGenet	GSE45366	WT_mRNA_1	SRR788078	polyA	NA	mRNA	CHX	GSM1103184
2013	Zinshteyn	PLosGenet	GSE45366	WT_mRNA_2	SRR788079	polyA	NA	mRNA	CHX	GSM1103185
2013	Zinshteyn	PLosGenet	GSE45366	WT_mRNA_1_repeat	SRR788086	polyA	NA	mRNA	CHX	GSM1103192
2013	Zinshteyn	PLosGenet	GSE45366	WT_mRNA_2_repeat	SRR788087	polyA	NA	mRNA	CHX	GSM1103193
2012	Brar	Science	GSE34082	mRNA_for_exp_veg_cells_str_14201_used_ndt80_release_tc	SRR387838	polyA	NA	mRNA	CHX	GSM843714
2012	Brar	Science	GSE34082	mRNA_for_exp_veg_cells_str_gb15_used_traditional_tc	SRR387839	polyA	NA	mRNA	CHX	GSM843715
2009	Ingolia	Science	GSE13750	mRNA-rich-1	SRR014385	polyA	NA	mRNA	CHX	GSM346117
2009	Ingolia	Science	GSE13750	mRNA-rich-2	SRR014387	polyA	NA	mRNA	CHX	GSM346118
