2015	Sen	CellRep	GSE66411	ribo_WT_TIF1_rep_1_30_deg	SRR1822461	CTGTAGGCACCATCAAT	NA	RPF	CHX	GSM1622004
2015	Sen	CellRep	GSE66411	ribo_WT_TIF1_rep_2_30_deg	SRR1822462	CTGTAGGCACCATCAAT	NA	RPF	CHX	GSM1622005
2015	Nedialkova	Cell	GSE67387	WT_ribo_YPD_rep1	SRR1944912	NA	NA	RPF	CHX	GSM1646015
2015	Nedialkova	Cell	GSE67387	WT_ribo_YPD_rep2	SRR1944913	NA	NA	RPF	CHX	GSM1646016
2015	Nedialkova	Cell	GSE67387	WT_ribo_YPD_rep3	SRR1944914	NA	NA	RPF	CHX	GSM1646017
2014	Williams	Science	GSE61011	Om45mVenusBirA_+CHX_2minBiotin_input	SRR1562875	CTGTAGGCACCATCAAT	NA	RPF	CHX	GSM1495501
2014	Jan	Science	GSE61012	BirA_+CHX_2minBiotin_input	SRR1562883	CTGTAGGCACCATCAAT	NA	RPF	CHX	GSM1495505
2014	Jan	Science	GSE61012	sec63mVenusBirA_+CHX_7minBiotin_input	SRR1562915	CTGTAGGCACCATCAAT	NA	RPF	CHX	GSM1495527
2014	Jan	Science	GSE61012	sec63mVenusBirA_+CHX_7minBiotin_rep_input	SRR1562918	CTGTAGGCACCATCAAT	NA	RPF	CHX	GSM1495529
2014	Lareau	eLife	GSE58321	CHX_rep_1	SRR1363415	CTGTAGGCACCATCAAT	NA	RPF	CHX	GSM1406456
2014	Lareau	eLife	GSE58321	CHX_rep_2	SRR1363416	CTGTAGGCACCATCAAT	NA	RPF	CHX	GSM1406457
2014	Artieri	GenomeRes	GSE50049	mixed_rpf_rep1	SRR1040415	polyA	NA	RPF	CHX	GSM1278062
2014	Artieri	GenomeRes	GSE50049	mixed_rpf_rep2	SRR1040423	polyA	NA	RPF	CHX	GSM1278064
2014	Albert	PLoSGenet	GSE55400	BY_FP	SRR1177157	CTGTAGGCACCATCAAT	NA	RPF	CHX	GSM1335348
2014	McManus	PLoSGenet	GSE52119	Ribo_Rep_1	SRR948551	CTGTAGGCACCATCAAT	NA	RPF	CHX	GSM1259974
2014	McManus	PLoSGenet	GSE52119	Ribo_Rep_2	SRR948552	CTGTAGGCACCATCAAT	NA	RPF	CHX	GSM1259975
2014	Guydosh	Cell	GSE52968	WT_CHX	SRR1042853	CTGTAGGCACCATCAAT	NA	RPF	CHX	GSM1279568
2014	Gerashchenko	RNA	GSE59573	unstressed_1x_CHX	SRR1520315	NA	NA	RPF	CHX	GSM1439588
2013	Zinshteyn	PLosGenet	GSE45366	WT_rpf_1	SRR788070	polyA	NA	RPF	CHX	GSM1103176
2013	Zinshteyn	PLosGenet	GSE45366	WT_rpf_2	SRR788071	polyA	NA	RPF	CHX	GSM1103177
2012	Brar	Science	GSE34082	rpf_for_exp_veg_cells_str_14201_used_ndt80_release_tc	SRR387871	polyA	NA	RPF	CHX	GSM843747
2012	Brar	Science	GSE34082	rpf_for_exp_veg_cells_str_gb15_used_traditional_tc	SRR387872	polyA	NA	RPF	CHX	GSM843748
2009	Ingolia	Science	GSE13750	rpf-rich-1	SRR014376	polyA	NA	RPF	CHX	GSM346111
2009	Ingolia	Science	GSE13750	rpf-rich-2	SRR014379	polyA	NA	RPF	CHX	GSM346114
