2016	Weinberg	CellRep	GSE53313	RPF	SRR1049521	TCGTATGCCGTCTTCTGCTTG	RND8	RPF	FF	GSM1289257
2015	Nedialkova	Cell	GSE67387	WT_ribo_YPD_noCHX_rep1	SRR1944981	NA	NA	RPF	FF	GSM1646084
2015	Nedialkova	Cell	GSE67387	WT_ribo_YPD_noCHX_rep2	SRR1944982	NA	NA	RPF	FF	GSM1646085
2015	Nedialkova	Cell	GSE67387	WT_ribo_YPD_noCHX_rep3	SRR1944983	NA	NA	RPF	FF	GSM1646086
2014	Williams	Science	GSE61011	Om45mVenusBirA_-CHX_2minBiotin_input	SRR1562880	CTGTAGGCACCATCAAT	NA	RPF	FF	GSM1495503
2014	Jan	Science	GSE61012	sec63mVenusBirA_-CHX_1minBiotin_input	SRR1562907	CTGTAGGCACCATCAAT	NA	RPF	FF	GSM1495519
2014	Jan	Science	GSE61012	sec63mVenusBirA_-CHX_7minBiotin_input	SRR1562913	CTGTAGGCACCATCAAT	NA	RPF	FF	GSM1495525
2014	Lareau	eLife	GSE58321	Untreated_rep_1	SRR1363412	CTGTAGGCACCATCAAT	NA	RPF	FF	GSM1406453
2014	Lareau	eLife	GSE58321	Untreated_rep_2	SRR1363413	CTGTAGGCACCATCAAT	NA	RPF	FF	GSM1406454
2014	Gardin	eLife	SRP044053	Sc-His_Footprint-seq	SRR1506632	AGATCGGAAGAG	NA	RPF	FF	Sc-His_Footprint-seq
2014	Gardin	eLife	SRP044053	Sc-Lys_Footprint-seq	SRR1506633	AGATCGGAAGAG	NA	RPF	FF	Sc-Lys_Footprint-seq
2014	Pop	MolSystBiol	GSE63789	WT_rpf	SRR1688545	CTGTAGGCACCATCAAT	NA	RPF	FF	GSM1557447
2014	Guydosh	Cell	GSE52968	WT_no_additive	SRR1042855	CTGTAGGCACCATCAAT	NA	RPF	FF	GSM1279570
2014	Gerashchenko	RNA	GSE59573	unstressed_noCHX	SRR1520311	NA	NA	RPF	FF	GSM1439584
