2016	Weinberg	CellRep	GSE75897	unselected_total_RNA	SRR2986250	TCGTATGCCGTCTTCTGCTTG	RND8	mRNA	FF	GSM1969533
2016	Weinberg	CellRep	GSE75897	polyA_selected_using_Dynabeads_oligodT	SRR2986251	TCGTATGCCGTCTTCTGCTTG	RND8	mRNA	FF	GSM1969534
2016	Weinberg	CellRep	GSE75897	rRNA_depleted_using_RiboMinus	SRR2986252	TCGTATGCCGTCTTCTGCTTG	RND8	mRNA	FF	GSM1969535
2016	Weinberg	CellRep	GSE53313	rRNA_depleted_using_RiboZero	SRR1049520	TCGTATGCCGTCTTCTGCTTG	RND8	mRNA	FF	GSM1289256
2016	Weinberg	CellRep	GSE53313	RPF	SRR1049521	TCGTATGCCGTCTTCTGCTTG	RND8	RPF	FF	GSM1289257
2015	Sen	CellRep	GSE66411	mRNA_WT_TIF1_rep_1_30_deg	SRR1822465	CTGTAGGCACCATCAAT	NA	mRNA	CHX	GSM1622008
2015	Sen	CellRep	GSE66411	ribo_ded1-cs_rep_1_15_deg	SRR1822447	CTGTAGGCACCATCAAT	NA	RPF	CHX	GSM1621990
2015	Sen	CellRep	GSE66411	mRNA_WT_DED1_rep_1_15_deg	SRR1822449	CTGTAGGCACCATCAAT	NA	mRNA	CHX	GSM1621992
2015	Sen	CellRep	GSE66411	ribo_WT_DED1_rep_2_37_deg	SRR1822454	CTGTAGGCACCATCAAT	NA	RPF	CHX	GSM1621997
2015	Sen	CellRep	GSE66411	ribo_ded1-cs_rep_2_15_deg	SRR1822448	CTGTAGGCACCATCAAT	NA	RPF	CHX	GSM1621991
2015	Sen	CellRep	GSE66411	ribo_tif1-ts_rep_2_30_deg	SRR1822464	CTGTAGGCACCATCAAT	NA	RPF	CHX	GSM1622007
2015	Sen	CellRep	GSE66411	mRNA_tif1-ts_rep_1_30_deg	SRR1822467	CTGTAGGCACCATCAAT	NA	mRNA	CHX	GSM1622010
2015	Sen	CellRep	GSE66411	mRNA_WT_DED1_rep_2_15_deg	SRR1822450	CTGTAGGCACCATCAAT	NA	mRNA	CHX	GSM1621993
2015	Sen	CellRep	GSE66411	mRNA_WT_DED1_rep_1_37_deg	SRR1822457	CTGTAGGCACCATCAAT	NA	mRNA	CHX	GSM1622000
2015	Sen	CellRep	GSE66411	mRNA_WT_TIF1_rep_1_37_deg	SRR1822473	CTGTAGGCACCATCAAT	NA	mRNA	CHX	GSM1622016
2015	Sen	CellRep	GSE66411	ribo_WT_DED1_rep_1_37_deg	SRR1822453	CTGTAGGCACCATCAAT	NA	RPF	CHX	GSM1621996
2015	Sen	CellRep	GSE66411	mRNA_ded1-cs_rep_2_15_deg	SRR1822452	CTGTAGGCACCATCAAT	NA	mRNA	CHX	GSM1621995
2015	Sen	CellRep	GSE66411	mRNA_ded1-cs_rep_1_15_deg	SRR1822451	CTGTAGGCACCATCAAT	NA	mRNA	CHX	GSM1621994
2015	Sen	CellRep	GSE66411	ribo_WT_TIF1_rep_1_37_deg	SRR1822469	CTGTAGGCACCATCAAT	NA	RPF	CHX	GSM1622012
2015	Sen	CellRep	GSE66411	ribo_tif1-ts_rep_1_37_deg	SRR1822471	CTGTAGGCACCATCAAT	NA	RPF	CHX	GSM1622014
2015	Sen	CellRep	GSE66411	ribo_tif1-ts_rep_1_30_deg	SRR1822463	CTGTAGGCACCATCAAT	NA	RPF	CHX	GSM1622006
2015	Sen	CellRep	GSE66411	mRNA_ded1-ts_rep_2_37_deg	SRR1822460	CTGTAGGCACCATCAAT	NA	mRNA	CHX	GSM1622003
2015	Sen	CellRep	GSE66411	mRNA_tif1-ts_rep_1_37_deg	SRR1822475	CTGTAGGCACCATCAAT	NA	mRNA	CHX	GSM1622018
2015	Sen	CellRep	GSE66411	ribo_ded1-ts_rep_1_37_deg	SRR1822455	CTGTAGGCACCATCAAT	NA	RPF	CHX	GSM1621998
2015	Sen	CellRep	GSE66411	mRNA_tif1-ts_rep_2_37_deg	SRR1822476	CTGTAGGCACCATCAAT	NA	mRNA	CHX	GSM1622019
2015	Sen	CellRep	GSE66411	ribo_WT_DED1_rep_2_15_deg	SRR1822446	CTGTAGGCACCATCAAT	NA	RPF	CHX	GSM1621989
2015	Sen	CellRep	GSE66411	ribo_ded1-ts_rep_2_37_deg	SRR1822456	CTGTAGGCACCATCAAT	NA	RPF	CHX	GSM1621999
2015	Sen	CellRep	GSE66411	mRNA_WT_DED1_rep_2_37_deg	SRR1822458	CTGTAGGCACCATCAAT	NA	mRNA	CHX	GSM1622001
2015	Sen	CellRep	GSE66411	mRNA_ded1-ts_rep_1_37_deg	SRR1822459	CTGTAGGCACCATCAAT	NA	mRNA	CHX	GSM1622002
2015	Sen	CellRep	GSE66411	mRNA_tif1-ts_rep_2_30_deg	SRR1822468	CTGTAGGCACCATCAAT	NA	mRNA	CHX	GSM1622011
2015	Sen	CellRep	GSE66411	ribo_WT_TIF1_rep_2_37_deg	SRR1822470	CTGTAGGCACCATCAAT	NA	RPF	CHX	GSM1622013
2015	Sen	CellRep	GSE66411	ribo_WT_TIF1_rep_1_30_deg	SRR1822461	CTGTAGGCACCATCAAT	NA	RPF	CHX	GSM1622004
2015	Sen	CellRep	GSE66411	ribo_WT_TIF1_rep_2_30_deg	SRR1822462	CTGTAGGCACCATCAAT	NA	RPF	CHX	GSM1622005
2015	Sen	CellRep	GSE66411	mRNA_WT_TIF1_rep_2_30_deg	SRR1822466	CTGTAGGCACCATCAAT	NA	mRNA	CHX	GSM1622009
2015	Sen	CellRep	GSE66411	ribo_tif1-ts_rep_2_37_deg	SRR1822472	CTGTAGGCACCATCAAT	NA	RPF	CHX	GSM1622015
2015	Sen	CellRep	GSE66411	mRNA_WT_TIF1_rep_2_37_deg	SRR1822474	CTGTAGGCACCATCAAT	NA	mRNA	CHX	GSM1622017
2015	Sen	CellRep	GSE66411	ribo_WT_DED1_rep_1_15_deg	SRR1822445	CTGTAGGCACCATCAAT	NA	RPF	CHX	GSM1621988
2015	Nedialkova	Cell	GSE67387	ncs2Δ_ribo_diamide_rep2	SRR1944940	NA	NA	RPF	CHX	GSM1646043
2015	Nedialkova	Cell	GSE67387	ncs2Δ_ribo_diamide_rep3	SRR1944941	NA	NA	RPF	CHX	GSM1646044
2015	Nedialkova	Cell	GSE67387	WT_ribo_YPD_rep1	SRR1944912	NA	NA	RPF	CHX	GSM1646015
2015	Nedialkova	Cell	GSE67387	WT_ribo_YPD_rep2	SRR1944913	NA	NA	RPF	CHX	GSM1646016
2015	Nedialkova	Cell	GSE67387	WT_ribo_YPD_rep3	SRR1944914	NA	NA	RPF	CHX	GSM1646017
2015	Nedialkova	Cell	GSE67387	ncs2Δ_ribo_YPD_rep1	SRR1944915	NA	NA	RPF	CHX	GSM1646018
2015	Nedialkova	Cell	GSE67387	ncs2Δ_ribo_YPD_rep2	SRR1944916	NA	NA	RPF	CHX	GSM1646019
2015	Nedialkova	Cell	GSE67387	ncs2Δ_ribo_YPD_rep3	SRR1944917	NA	NA	RPF	CHX	GSM1646020
2015	Nedialkova	Cell	GSE67387	elp6Δ_ribo_YPD_rep1	SRR1944918	NA	NA	RPF	CHX	GSM1646021
2015	Nedialkova	Cell	GSE67387	elp6Δ_ribo_YPD_rep2	SRR1944919	NA	NA	RPF	CHX	GSM1646022
2015	Nedialkova	Cell	GSE67387	elp6Δ_ribo_YPD_rep3	SRR1944920	NA	NA	RPF	CHX	GSM1646023
2015	Nedialkova	Cell	GSE67387	ncs2Δelp6Δ_ribo_YPD_rep1	SRR1944921	NA	NA	RPF	CHX	GSM1646024
2015	Nedialkova	Cell	GSE67387	ncs2Δelp6Δ_ribo_YPD_rep2	SRR1944922	NA	NA	RPF	CHX	GSM1646025
2015	Nedialkova	Cell	GSE67387	ncs2Δelp6Δ_ribo_YPD_rep3	SRR1944923	NA	NA	RPF	CHX	GSM1646026
2015	Nedialkova	Cell	GSE67387	WT_mRNA_YPD_rep1	SRR1944924	NA	NA	mRNA	CHX	GSM1646027
2015	Nedialkova	Cell	GSE67387	WT_mRNA_YPD_rep2	SRR1944925	NA	NA	mRNA	CHX	GSM1646028
2015	Nedialkova	Cell	GSE67387	WT_mRNA_YPD_rep3	SRR1944926	NA	NA	mRNA	CHX	GSM1646029
2015	Nedialkova	Cell	GSE67387	ncs2Δ_mRNA_YPD_rep1	SRR1944927	NA	NA	mRNA	CHX	GSM1646030
2015	Nedialkova	Cell	GSE67387	ncs2Δ_mRNA_YPD_rep2	SRR1944928	NA	NA	mRNA	CHX	GSM1646031
2015	Nedialkova	Cell	GSE67387	ncs2Δ_mRNA_YPD_rep3	SRR1944929	NA	NA	mRNA	CHX	GSM1646032
2015	Nedialkova	Cell	GSE67387	elp6Δ_mRNA_YPD_rep1	SRR1944930	NA	NA	mRNA	CHX	GSM1646033
2015	Nedialkova	Cell	GSE67387	elp6Δ_mRNA_YPD_rep2	SRR1944931	NA	NA	mRNA	CHX	GSM1646034
2015	Nedialkova	Cell	GSE67387	elp6Δ_mRNA_YPD_rep3	SRR1944932	NA	NA	mRNA	CHX	GSM1646035
2015	Nedialkova	Cell	GSE67387	ncs2Δelp6Δ_mRNA_YPD_rep1	SRR1944933	NA	NA	mRNA	CHX	GSM1646036
2015	Nedialkova	Cell	GSE67387	ncs2Δelp6Δ_mRNA_YPD_rep2	SRR1944934	NA	NA	mRNA	CHX	GSM1646037
2015	Nedialkova	Cell	GSE67387	ncs2Δelp6Δ_mRNA_YPD_rep3	SRR1944935	NA	NA	mRNA	CHX	GSM1646038
2015	Nedialkova	Cell	GSE67387	WT_ribo_diamide_rep1	SRR1944936	NA	NA	RPF	CHX	GSM1646039
2015	Nedialkova	Cell	GSE67387	WT_ribo_diamide_rep2	SRR1944937	NA	NA	RPF	CHX	GSM1646040
2015	Nedialkova	Cell	GSE67387	WT_ribo_diamide_rep3	SRR1944938	NA	NA	RPF	CHX	GSM1646041
2015	Nedialkova	Cell	GSE67387	ncs2Δ_ribo_diamide_rep1	SRR1944939	NA	NA	RPF	CHX	GSM1646042
2015	Nedialkova	Cell	GSE67387	WT_mRNA_diamide_rep1	SRR1944942	NA	NA	mRNA	CHX	GSM1646045
2015	Nedialkova	Cell	GSE67387	WT_mRNA_diamide_rep2	SRR1944943	NA	NA	mRNA	CHX	GSM1646046
2015	Nedialkova	Cell	GSE67387	WT_mRNA_diamide_rep3	SRR1944944	NA	NA	mRNA	CHX	GSM1646047
2015	Nedialkova	Cell	GSE67387	ncs2Δ_mRNA_diamide_rep1	SRR1944945	NA	NA	mRNA	CHX	GSM1646048
2015	Nedialkova	Cell	GSE67387	ncs2Δ_mRNA_diamide_rep2	SRR1944946	NA	NA	mRNA	CHX	GSM1646049
2015	Nedialkova	Cell	GSE67387	ncs2Δ_mRNA_diamide_rep3	SRR1944947	NA	NA	mRNA	CHX	GSM1646050
2015	Nedialkova	Cell	GSE67387	WT_ribo_rapamycin_rep1	SRR1944948	NA	NA	RPF	CHX	GSM1646051
2015	Nedialkova	Cell	GSE67387	WT_ribo_rapamycin_rep2	SRR1944949	NA	NA	RPF	CHX	GSM1646052
2015	Nedialkova	Cell	GSE67387	WT_ribo_rapamycin_rep3	SRR1944950	NA	NA	RPF	CHX	GSM1646053
2015	Nedialkova	Cell	GSE67387	ncs2Δ_ribo_rapamycin_rep1	SRR1944951	NA	NA	RPF	CHX	GSM1646054
2015	Nedialkova	Cell	GSE67387	ncs2Δ_ribo_rapamycin_rep2	SRR1944952	NA	NA	RPF	CHX	GSM1646055
2015	Nedialkova	Cell	GSE67387	ncs2Δ_ribo_rapamycin_rep3	SRR1944953	NA	NA	RPF	CHX	GSM1646056
2015	Nedialkova	Cell	GSE67387	WT_mRNA_rapamycin_rep1	SRR1944954	NA	NA	mRNA	CHX	GSM1646057
2015	Nedialkova	Cell	GSE67387	WT_mRNA_rapamycin_rep2	SRR1944955	NA	NA	mRNA	CHX	GSM1646058
2015	Nedialkova	Cell	GSE67387	WT_mRNA_rapamycin_rep3	SRR1944956	NA	NA	mRNA	CHX	GSM1646059
2015	Nedialkova	Cell	GSE67387	ncs2Δ_mRNA_rapamycin_rep1	SRR1944957	NA	NA	mRNA	CHX	GSM1646060
2015	Nedialkova	Cell	GSE67387	ncs2Δ_mRNA_rapamycin_rep2	SRR1944958	NA	NA	mRNA	CHX	GSM1646061
2015	Nedialkova	Cell	GSE67387	ncs2Δ_mRNA_rapamycin_rep3	SRR1944959	NA	NA	mRNA	CHX	GSM1646062
2015	Nedialkova	Cell	GSE67387	elp6Δ_ribo_rapamycin_rep1	SRR1944960	NA	NA	RPF	CHX	GSM1646063
2015	Nedialkova	Cell	GSE67387	elp6Δ_ribo_rapamycin_rep2	SRR1944961	NA	NA	RPF	CHX	GSM1646064
2015	Nedialkova	Cell	GSE67387	elp6Δ_ribo_rapamycin_rep3	SRR1944962	NA	NA	RPF	CHX	GSM1646065
2015	Nedialkova	Cell	GSE67387	WT_ribo_empty_plasmid_rep1	SRR1944963	NA	NA	RPF	CHX	GSM1646066
2015	Nedialkova	Cell	GSE67387	WT_ribo_empty_plasmid_rep2	SRR1944964	NA	NA	RPF	CHX	GSM1646067
2015	Nedialkova	Cell	GSE67387	WT_ribo_empty_plasmid_rep3	SRR1944965	NA	NA	RPF	CHX	GSM1646068
2015	Nedialkova	Cell	GSE67387	ncs2Δ_ribo_empty_plasmid_rep1	SRR1944966	NA	NA	RPF	CHX	GSM1646069
2015	Nedialkova	Cell	GSE67387	ncs2Δ_ribo_empty_plasmid_rep2	SRR1944967	NA	NA	RPF	CHX	GSM1646070
2015	Nedialkova	Cell	GSE67387	ncs2Δ_ribo_empty_plasmid_rep3	SRR1944968	NA	NA	RPF	CHX	GSM1646071
2015	Nedialkova	Cell	GSE67387	elp6Δ_ribo_empty_plasmid_rep1	SRR1944969	NA	NA	RPF	CHX	GSM1646072
2015	Nedialkova	Cell	GSE67387	elp6Δ_ribo_empty_plasmid_rep2	SRR1944970	NA	NA	RPF	CHX	GSM1646073
2015	Nedialkova	Cell	GSE67387	elp6Δ_ribo_empty_plasmid_rep3	SRR1944971	NA	NA	RPF	CHX	GSM1646074
2015	Nedialkova	Cell	GSE67387	WT_ribo_tEKQ_rep1	SRR1944972	NA	NA	RPF	CHX	GSM1646075
2015	Nedialkova	Cell	GSE67387	WT_ribo_tEKQ_rep2	SRR1944973	NA	NA	RPF	CHX	GSM1646076
2015	Nedialkova	Cell	GSE67387	WT_ribo_tEKQ_rep3	SRR1944974	NA	NA	RPF	CHX	GSM1646077
2015	Nedialkova	Cell	GSE67387	ncs2Δ_ribo_tEKQ_rep1	SRR1944975	NA	NA	RPF	CHX	GSM1646078
2015	Nedialkova	Cell	GSE67387	ncs2Δ_ribo_tEKQ_rep2	SRR1944976	NA	NA	RPF	CHX	GSM1646079
2015	Nedialkova	Cell	GSE67387	ncs2Δ_ribo_tEKQ_rep3	SRR1944977	NA	NA	RPF	CHX	GSM1646080
2015	Nedialkova	Cell	GSE67387	elp6Δ_ribo_tEKQ_rep1	SRR1944978	NA	NA	RPF	CHX	GSM1646081
2015	Nedialkova	Cell	GSE67387	elp6Δ_ribo_tEKQ_rep2	SRR1944979	NA	NA	RPF	CHX	GSM1646082
2015	Nedialkova	Cell	GSE67387	elp6Δ_ribo_tEKQ_rep3	SRR1944980	NA	NA	RPF	CHX	GSM1646083
2015	Nedialkova	Cell	GSE67387	WT_ribo_YPD_noCHX_rep1	SRR1944981	NA	NA	RPF	FF	GSM1646084
2015	Nedialkova	Cell	GSE67387	WT_ribo_YPD_noCHX_rep2	SRR1944982	NA	NA	RPF	FF	GSM1646085
2015	Nedialkova	Cell	GSE67387	WT_ribo_YPD_noCHX_rep3	SRR1944983	NA	NA	RPF	FF	GSM1646086
2015	Nedialkova	Cell	GSE67387	ncs2Δ_ribo_YPD_noCHX_rep1	SRR1944984	NA	NA	RPF	FF	GSM1646087
2015	Nedialkova	Cell	GSE67387	ncs2Δ_ribo_YPD_noCHX_rep2	SRR1944985	NA	NA	RPF	FF	GSM1646088
2015	Nedialkova	Cell	GSE67387	ncs2Δ_ribo_YPD_noCHX_rep3	SRR1944986	NA	NA	RPF	FF	GSM1646089
2015	Nedialkova	Cell	GSE67387	hbs1Δ_ribo_YPD_rep1	SRR1944987	NA	NA	RPF	CHX	GSM1646090
2015	Nedialkova	Cell	GSE67387	hbs1Δ_ribo_YPD_rep2	SRR1944988	NA	NA	RPF	CHX	GSM1646091
2015	Nedialkova	Cell	GSE67387	hbs1Δ_ribo_YPD_rep3	SRR1944989	NA	NA	RPF	CHX	GSM1646092
2015	Nedialkova	Cell	GSE67387	hbs1Δncs2Δelp6Δ_ribo_YPD_rep1	SRR1944990	NA	NA	RPF	CHX	GSM1646093
2015	Nedialkova	Cell	GSE67387	hbs1Δncs2Δelp6Δ_ribo_YPD_rep2	SRR1944991	NA	NA	RPF	CHX	GSM1646094
2015	Nedialkova	Cell	GSE67387	hbs1Δncs2Δelp6Δ_ribo_YPD_rep3	SRR1944992	NA	NA	RPF	CHX	GSM1646095
2015	Nedialkova	Cell	GSE67387	dom34Δncs2Δelp6Δ_ribo_YPD_rep1	SRR1944993	NA	NA	RPF	CHX	GSM1646096
2015	Nedialkova	Cell	GSE67387	dom34Δncs2Δelp6Δ_ribo_YPD_rep2	SRR1944994	NA	NA	RPF	CHX	GSM1646097
2015	Nedialkova	Cell	GSE67387	dom34Δncs2Δelp6Δ_ribo_YPD_rep3	SRR1944995	NA	NA	RPF	CHX	GSM1646098
2015	Nedialkova	Cell	GSE67387	WT_ribo_paromomycin_rep1	SRR1944996	NA	NA	RPF	CHX	GSM1646099
2015	Nedialkova	Cell	GSE67387	WT_ribo_paromomycin_rep2	SRR1944997	NA	NA	RPF	CHX	GSM1646100
2015	Nedialkova	Cell	GSE67387	WT_ribo_paromomycin_rep3	SRR1944998	NA	NA	RPF	CHX	GSM1646101
2015	Nedialkova	Cell	GSE67387	ncs2Δelp6Δ_ribo_paromomycin_rep1	SRR1944999	NA	NA	RPF	CHX	GSM1646102
2015	Nedialkova	Cell	GSE67387	ncs2Δelp6Δ_ribo_paromomycin_rep2	SRR1945000	NA	NA	RPF	CHX	GSM1646103
2015	Nedialkova	Cell	GSE67387	ncs2Δelp6Δ_ribo_paromomycin_rep3	SRR1945001	NA	NA	RPF	CHX	GSM1646104
2014	Williams	Science	GSE61011	Om45mVenusBirA_+CHX_2minBiotin_input	SRR1562875	CTGTAGGCACCATCAAT	NA	RPF	CHX	GSM1495501
2014	Williams	Science	GSE61011	Om45mVenusBirA_+CHX_2minBiotin_pulldown	SRR1562876	CTGTAGGCACCATCAAT	NA	RPF	CHX	GSM1495502
2014	Williams	Science	GSE61011	Om45mVenusBirA_-CHX_2minBiotin_input	SRR1562880	CTGTAGGCACCATCAAT	NA	RPF	FF	GSM1495503
2014	Williams	Science	GSE61011	Om45mVenusBirA_-CHX_2minBiotin_pulldown	SRR1562881	CTGTAGGCACCATCAAT	NA	RPF	FF	GSM1495504
2014	Jan	Science	GSE61012	BirA_+CHX_2minBiotin_input	SRR1562883	CTGTAGGCACCATCAAT	NA	RPF	CHX	GSM1495505
2014	Jan	Science	GSE61012	BirA_+CHX_2minBiotin_pulldown	SRR1562884	CTGTAGGCACCATCAAT	NA	RPF	CHX	GSM1495506
2014	Jan	Science	GSE61012	BirAHeh2Ssh1_+CHX_7minBiotin_input	SRR1562885	CTGTAGGCACCATCAAT	NA	RPF	CHX	GSM1495507
2014	Jan	Science	GSE61012	BirAHeh2Ssh1_+CHX_7minBiotin_pulldown	SRR1562886	CTGTAGGCACCATCAAT	NA	RPF	CHX	GSM1495508
2014	Jan	Science	GSE61012	BirAHeh2Ssh1_+CHX_7minBiotin_rep_input	SRR1562887	CTGTAGGCACCATCAAT	NA	RPF	CHX	GSM1495509
2014	Jan	Science	GSE61012	BirAHeh2Ssh1_+CHX_7minBiotin_rep_pulldown	SRR1562889	CTGTAGGCACCATCAAT	NA	RPF	CHX	GSM1495510
2014	Jan	Science	GSE61012	BirAmVenusSsh1_+CHX_2minBiotin_input	SRR1562892	CTGTAGGCACCATCAAT	NA	RPF	CHX	GSM1495511
2014	Jan	Science	GSE61012	BirAmVenusSsh1_+CHX_2minBiotin_pulldown	SRR1562893	CTGTAGGCACCATCAAT	NA	RPF	CHX	GSM1495512
2014	Jan	Science	GSE61012	BirAmVenusUbc6_+CHX_2minBiotin_input	SRR1562896	CTGTAGGCACCATCAAT	NA	RPF	CHX	GSM1495513
2014	Jan	Science	GSE61012	BirAmVenusUbc6_+CHX_2minBiotin_pulldown	SRR1562897	CTGTAGGCACCATCAAT	NA	RPF	CHX	GSM1495514
2014	Jan	Science	GSE61012	BirAmVenusUbc6_+CHX_7minBiotin_input	SRR1562900	CTGTAGGCACCATCAAT	NA	RPF	CHX	GSM1495515
2014	Jan	Science	GSE61012	BirAmVenusUbc6_+CHX_7minBiotin_pulldown	SRR1562901	CTGTAGGCACCATCAAT	NA	RPF	CHX	GSM1495516
2014	Jan	Science	GSE61012	BirAmVenusUbc6_sec66∆_+CHX_2minBiotin_input	SRR1562903	CTGTAGGCACCATCAAT	NA	RPF	CHX	GSM1495517
2014	Jan	Science	GSE61012	BirAmVenusUbc6_sec66∆_+CHX_2minBiotin_pulldown	SRR1562906	CTGTAGGCACCATCAAT	NA	RPF	CHX	GSM1495518
2014	Jan	Science	GSE61012	sec63mVenusBirA_-CHX_1minBiotin_input	SRR1562907	CTGTAGGCACCATCAAT	NA	RPF	FF	GSM1495519
2014	Jan	Science	GSE61012	sec63mVenusBirA_-CHX_1minBiotin_pulldown	SRR1562908	CTGTAGGCACCATCAAT	NA	RPF	FF	GSM1495520
2014	Jan	Science	GSE61012	sec63mVenusBirA_-CHX_3minBiotin_input	SRR1562909	CTGTAGGCACCATCAAT	NA	RPF	FF	GSM1495521
2014	Jan	Science	GSE61012	sec63mVenusBirA_-CHX_3minBiotin_pulldown	SRR1562910	CTGTAGGCACCATCAAT	NA	RPF	FF	GSM1495522
2014	Jan	Science	GSE61012	sec63mVenusBirA_-CHX_5minBiotin_input	SRR1562911	CTGTAGGCACCATCAAT	NA	RPF	FF	GSM1495523
2014	Jan	Science	GSE61012	sec63mVenusBirA_-CHX_5minBiotin_pulldown	SRR1562912	CTGTAGGCACCATCAAT	NA	RPF	FF	GSM1495524
2014	Jan	Science	GSE61012	sec63mVenusBirA_-CHX_7minBiotin_input	SRR1562913	CTGTAGGCACCATCAAT	NA	RPF	FF	GSM1495525
2014	Jan	Science	GSE61012	sec63mVenusBirA_-CHX_7minBiotin_pulldown	SRR1562914	CTGTAGGCACCATCAAT	NA	RPF	FF	GSM1495526
2014	Jan	Science	GSE61012	sec63mVenusBirA_+CHX_7minBiotin_input	SRR1562915	CTGTAGGCACCATCAAT	NA	RPF	CHX	GSM1495527
2014	Jan	Science	GSE61012	sec63mVenusBirA_+CHX_7minBiotin_pulldown	SRR1562916	CTGTAGGCACCATCAAT	NA	RPF	CHX	GSM1495528
2014	Jan	Science	GSE61012	sec63mVenusBirA_+CHX_7minBiotin_rep_input	SRR1562918	CTGTAGGCACCATCAAT	NA	RPF	CHX	GSM1495529
2014	Jan	Science	GSE61012	sec63mVenusBirA_+CHX_7minBiotin_rep_pulldown	SRR1562919	CTGTAGGCACCATCAAT	NA	RPF	CHX	GSM1495530
2014	Jan	Science	GSE61012	sec63mVenusBirA_sec65-1_25C_+CHX_2minBiotin_input	SRR1562922	CTGTAGGCACCATCAAT	NA	RPF	CHX	GSM1495531
2014	Jan	Science	GSE61012	sec63mVenusBirA_sec65-1_25C_+CHX_2minBiotin_pulldown	SRR1562923	CTGTAGGCACCATCAAT	NA	RPF	CHX	GSM1495532
2014	Jan	Science	GSE61012	sec63mVenusBirA_sec65-1_30min37C_+CHX_2minBiotin_input	SRR1562926	CTGTAGGCACCATCAAT	NA	RPF	CHX	GSM1495533
2014	Jan	Science	GSE61012	sec63mVenusBirA_sec65-1_30min37C_+CHX_2minBiotin_pulldown	SRR1562928	CTGTAGGCACCATCAAT	NA	RPF	CHX	GSM1495534
2014	Lareau	eLife	GSE58321	Untreated_rep_1	SRR1363412	CTGTAGGCACCATCAAT	NA	RPF	FF	GSM1406453
2014	Lareau	eLife	GSE58321	Untreated_rep_2	SRR1363413	CTGTAGGCACCATCAAT	NA	RPF	FF	GSM1406454
2014	Lareau	eLife	GSE58321	Untreated_rep_3	SRR1363414	CTGTAGGCACCATCAAT	NA	RPF	FF	GSM1406455
2014	Lareau	eLife	GSE58321	CHX_rep_1	SRR1363415	CTGTAGGCACCATCAAT	NA	RPF	CHX	GSM1406456
2014	Lareau	eLife	GSE58321	CHX_rep_2	SRR1363416	CTGTAGGCACCATCAAT	NA	RPF	CHX	GSM1406457
2014	Lareau	eLife	GSE58321	ANS_rep_1A	SRR1363417	CTGTAGGCACCATCAAT	NA	RPF	ANS	GSM1406458
2014	Lareau	eLife	GSE58321	ANS_rep_1B	SRR1363418	CTGTAGGCACCATCAAT	NA	RPF	ANS	GSM1406459
2014	Lareau	eLife	GSE58321	ANS_rep_2	SRR1363419	CTGTAGGCACCATCAAT	NA	RPF	ANS	GSM1406460
2014	Lareau	eLife	GSE58321	3-AT_10_min	SRR1363420	CTGTAGGCACCATCAAT	NA	RPF	3-AT	GSM1406461
2014	Lareau	eLife	GSE58321	3-AT_60_min	SRR1363423	CTGTAGGCACCATCAAT	NA	RPF	3-AT	GSM1406462
2014	Gardin	eLife	SRP044053	Sc-His_Footprint-seq	SRR1506632	AGATCGGAAGAG	NA	RPF	FF	Sc-His_Footprint-seq
2014	Gardin	eLife	SRP044053	Sc-His_mRNA-seq	SRR1506631	AGATCGGAAGAG	NA	mRNA	FF	Sc-His_mRNA-seq
2014	Gardin	eLife	SRP044053	Sc-Lys_Footprint-seq	SRR1506633	AGATCGGAAGAG	NA	RPF	FF	Sc-Lys_Footprint-seq
2014	Gardin	eLife	SRP044053	Sc-Lys_mRNA-seq	SRR1506634	AGATCGGAAGAG	NA	mRNA	FF	Sc-Lys_mRNA-seq
2014	Pop	MolSystBiol	GSE63789	WT_mrna	SRR1688540	CTGTAGGCACCATCAAT	NA	mRNA	FF	GSM1557442
2014	Pop	MolSystBiol	GSE63789	ACA-K_mrna	SRR1688541	CTGTAGGCACCATCAAT	NA	mRNA	FF	GSM1557443
2014	Pop	MolSystBiol	GSE63789	WT-URA_mrna	SRR1688542	CTGTAGGCACCATCAAT	NA	mRNA	FF	GSM1557444
2014	Pop	MolSystBiol	GSE63789	AGG-OE_mrna	SRR1688543	CTGTAGGCACCATCAAT	NA	mRNA	FF	GSM1557445
2014	Pop	MolSystBiol	GSE63789	AGG-QC_mrna	SRR1688544	CTGTAGGCACCATCAAT	NA	mRNA	FF	GSM1557446
2014	Pop	MolSystBiol	GSE63789	WT_rpf	SRR1688545	CTGTAGGCACCATCAAT	NA	RPF	FF	GSM1557447
2014	Pop	MolSystBiol	GSE63789	ACA-K_rpf	SRR1688546	CTGTAGGCACCATCAAT	NA	RPF	FF	GSM1557448
2014	Pop	MolSystBiol	GSE63789	WT-URA_rpf	SRR1688547	CTGTAGGCACCATCAAT	NA	RPF	FF	GSM1557449
2014	Pop	MolSystBiol	GSE63789	AGG-OE_rpf	SRR1688548	CTGTAGGCACCATCAAT	NA	RPF	FF	GSM1557450
2014	Pop	MolSystBiol	GSE63789	AGG-QC_rpf	SRR1688549	CTGTAGGCACCATCAAT	NA	RPF	FF	GSM1557451
2014	Artieri	GenomeRes	GSE50049	mixed_mrna_rep1	SRR1040263	polyA	NA	mRNA	CHX	GSM1278061
2014	Artieri	GenomeRes	GSE50049	mixed_rpf_rep1	SRR1040415	polyA	NA	RPF	CHX	GSM1278062
2014	Artieri	GenomeRes	GSE50049	mixed_rpf_rep2	SRR1040423	polyA	NA	RPF	CHX	GSM1278064
2014	Artieri	GenomeRes	GSE50049	scer_mrna	SRR951828	polyA	NA	mRNA	CHX	GSM1213151
2014	Albert	PLoSGenet	GSE55400	BY_mRNA	SRR1177156	CTGTAGGCACCATCAAT	NA	mRNA	CHX	GSM1335347
2014	Albert	PLoSGenet	GSE55400	BY_FP	SRR1177157	CTGTAGGCACCATCAAT	NA	RPF	CHX	GSM1335348
2014	McManus	PLoSGenet	GSE52119	RNA_Rep_1	SRR948553	CTGTAGGCACCATCAAT	NA	mRNA	CHX	GSM1259972
2014	McManus	PLoSGenet	GSE52119	RNA_Rep_2	SRR948555	CTGTAGGCACCATCAAT	NA	mRNA	CHX	GSM1259973
2014	McManus	PLoSGenet	GSE52119	Ribo_Rep_1	SRR948551	CTGTAGGCACCATCAAT	NA	RPF	CHX	GSM1259974
2014	McManus	PLoSGenet	GSE52119	Ribo_Rep_2	SRR948552	CTGTAGGCACCATCAAT	NA	RPF	CHX	GSM1259975
2014	Guydosh	Cell	GSE52968	WT_mRNA-Seq	SRR1042851	CTGTAGGCACCATCAAT	NA	mRNA	CHX	GSM1279566
2014	Guydosh	Cell	GSE52968	dom34KO_mRNA-Seq	SRR1042852	CTGTAGGCACCATCAAT	NA	mRNA	CHX	GSM1279567
2014	Guydosh	Cell	GSE52968	WT_CHX	SRR1042853	CTGTAGGCACCATCAAT	NA	RPF	CHX	GSM1279568
2014	Guydosh	Cell	GSE52968	dom34KO_CHX	SRR1042854	CTGTAGGCACCATCAAT	NA	RPF	CHX	GSM1279569
2014	Guydosh	Cell	GSE52968	WT_no_additive	SRR1042855	CTGTAGGCACCATCAAT	NA	RPF	FF	GSM1279570
2014	Guydosh	Cell	GSE52968	dom34KO_no_additive	SRR1042856	CTGTAGGCACCATCAAT	NA	RPF	FF	GSM1279571
2014	Guydosh	Cell	GSE52968	WT_CHX+GMP-PNP	SRR1042857	CTGTAGGCACCATCAAT	NA	RPF	GMP-PNP	GSM1279572
2014	Guydosh	Cell	GSE52968	WT_GMP-PNP	SRR1042858	CTGTAGGCACCATCAAT	NA	RPF	GMP-PNP	GSM1279573
2014	Guydosh	Cell	GSE52968	WT_high_Mg++	SRR1042859	CTGTAGGCACCATCAAT	NA	RPF	Mg++	GSM1279574
2014	Guydosh	Cell	GSE52968	dom34KO_CHX+GMP-PNP	SRR1042860	CTGTAGGCACCATCAAT	NA	RPF	GMP-PNP	GSM1279575
2014	Guydosh	Cell	GSE52968	dom34KO_GMP-PNP	SRR1042861	CTGTAGGCACCATCAAT	NA	RPF	GMP-PNP	GSM1279576
2014	Guydosh	Cell	GSE52968	dom34KO_high_Mg++	SRR1042862	CTGTAGGCACCATCAAT	NA	RPF	Mg++	GSM1279577
2014	Guydosh	Cell	GSE52968	ski2KO	SRR1042863	CTGTAGGCACCATCAAT	NA	RPF	CHX	GSM1279578
2014	Guydosh	Cell	GSE52968	WT_3-AT	SRR1042864	CTGTAGGCACCATCAAT	NA	RPF	CHX+3-AT	GSM1279579
2014	Guydosh	Cell	GSE52968	dom34KO_3-AT	SRR1042867	CTGTAGGCACCATCAAT	NA	RPF	CHX+3-AT	GSM1279580
2014	Guydosh	Cell	GSE52968	WT_diamide	SRR1042868	CTGTAGGCACCATCAAT	NA	RPF	CHX+diamide	GSM1279581
2014	Guydosh	Cell	GSE52968	dom34KO_diamide	SRR1042869	CTGTAGGCACCATCAAT	NA	RPF	CHX+diamide	GSM1279582
2014	Guydosh	Cell	GSE52968	WT_supp_tRNA	SRR1042870	CTGTAGGCACCATCAAT	NA	RPF	CHX	GSM1279583
2014	Guydosh	Cell	GSE52968	dom34KO_supp_tRNA	SRR1042873	CTGTAGGCACCATCAAT	NA	RPF	CHX	GSM1279584
2014	Guydosh	Cell	GSE52968	dom34KO_glucose_starvation	SRR1042874	CTGTAGGCACCATCAAT	NA	RPF	CHX	GSM1279585
2014	Guydosh	Cell	GSE52968	hbs1KO	SRR1042875	CTGTAGGCACCATCAAT	NA	RPF	CHX	GSM1279586
2014	Guydosh	Cell	GSE52968	WT_short_rpf	SRR1042876	CTGTAGGCACCATCAAT	NA	RPF	CHX	GSM1279587
2014	Guydosh	Cell	GSE52968	dom34KO_short_rpf	SRR1042877	CTGTAGGCACCATCAAT	NA	RPF	CHX	GSM1279588
2014	Guydosh	Cell	GSE52968	WT_disome_rpf	SRR1042878	CTGTAGGCACCATCAAT	NA	RPF	CHX	GSM1279589
2014	Guydosh	Cell	GSE52968	dom34KO_disome_rpf	SRR1042881	CTGTAGGCACCATCAAT	NA	RPF	CHX	GSM1279590
2014	Gerashchenko	RNA	GSE59573	unstressed_noCHX	SRR1520311	NA	NA	RPF	FF	GSM1439584
2014	Gerashchenko	RNA	GSE59573	unstressed_1_64x_CHX	SRR1520312	NA	NA	RPF	CHX	GSM1439585
2014	Gerashchenko	RNA	GSE59573	unstressed_1_16x_CHX	SRR1520313	NA	NA	RPF	CHX	GSM1439586
2014	Gerashchenko	RNA	GSE59573	unstressed_1_4x_CHX	SRR1520314	NA	NA	RPF	CHX	GSM1439587
2014	Gerashchenko	RNA	GSE59573	unstressed_1x_CHX	SRR1520315	NA	NA	RPF	CHX	GSM1439588
2014	Gerashchenko	RNA	GSE59573	unstressed_8x_CHX	SRR1520316	NA	NA	RPF	CHX	GSM1439589
2014	Gerashchenko	RNA	GSE59573	unstressed_100x_CHX_rep1	SRR1520317	NA	NA	RPF	CHX	GSM1439590
2014	Gerashchenko	RNA	GSE59573	unstressed_100x_CHX_rep2	SRR1520318	NA	NA	RPF	CHX	GSM1439591
2014	Gerashchenko	RNA	GSE59573	oxidative_noCHX	SRR1520319	NA	NA	RPF	FF	GSM1439592
2014	Gerashchenko	RNA	GSE59573	oxidative_1_64x_CHX	SRR1520320	NA	NA	RPF	CHX	GSM1439593
2014	Gerashchenko	RNA	GSE59573	oxidative_1_16x_CHX	SRR1520321	NA	NA	RPF	CHX	GSM1439594
2014	Gerashchenko	RNA	GSE59573	oxidative_1_4x_CHX	SRR1520322	NA	NA	RPF	CHX	GSM1439595
2014	Gerashchenko	RNA	GSE59573	oxidative_1x_CHX	SRR1520323	NA	NA	RPF	CHX	GSM1439596
2014	Gerashchenko	RNA	GSE59573	oxidative_8x_CHX	SRR1520324	NA	NA	RPF	CHX	GSM1439597
2014	Gerashchenko	RNA	GSE59573	oxidative_100x_CHX_rep1	SRR1520325	NA	NA	RPF	CHX	GSM1439598
2014	Gerashchenko	RNA	GSE59573	oxidative_100x_CHX_rep2	SRR1520326	NA	NA	RPF	CHX	GSM1439599
2014	Gerashchenko	RNA	GSE59573	heatshock_noCHX	SRR1520327	NA	NA	RPF	FF	GSM1439600
2014	Gerashchenko	RNA	GSE59573	heatshock_1x_CHX	SRR1520328	NA	NA	RPF	CHX	GSM1439601
2014	Gerashchenko	RNA	GSE59573	complete_SD_media	SRR1520329	NA	NA	RPF	CHX	GSM1439602
2014	Gerashchenko	RNA	GSE59573	SD_no_aminoacids	SRR1520330	NA	NA	RPF	CHX	GSM1439603
2014	Gerashchenko	RNA	GSE59573	SD_no_aminoacids_plus_His_Met_Leu	SRR1520331	NA	NA	RPF	CHX	GSM1439604
2014	Gerashchenko	RNA	GSE59573	edeine_noCHX	SRR1520332	NA	NA	RPF	edeine	GSM1439605
2014	Gerashchenko	RNA	GSE59573	aurin_noCHX	SRR1520333	NA	NA	RPF	aurin	GSM1439606
2014	Gerashchenko	RNA	GSE59573	small_subunit	SRR1520334	NA	NA	RPF	CHX	GSM1439607
2013	Zinshteyn	PLosGenet	GSE45366	WT_rpf_1	SRR788070	polyA	NA	RPF	CHX	GSM1103176
2013	Zinshteyn	PLosGenet	GSE45366	WT_rpf_2	SRR788071	polyA	NA	RPF	CHX	GSM1103177
2013	Zinshteyn	PLosGenet	GSE45366	Δncs6_rpf_1	SRR788072	polyA	NA	RPF	CHX	GSM1103178
2013	Zinshteyn	PLosGenet	GSE45366	Δncs6_rpf_2	SRR788073	polyA	NA	RPF	CHX	GSM1103179
2013	Zinshteyn	PLosGenet	GSE45366	Δuba4_rpf_1	SRR788074	polyA	NA	RPF	CHX	GSM1103180
2013	Zinshteyn	PLosGenet	GSE45366	Δuba4_rpf_2	SRR788075	polyA	NA	RPF	CHX	GSM1103181
2013	Zinshteyn	PLosGenet	GSE45366	Δelp3_rpf	SRR788076	polyA	NA	RPF	CHX	GSM1103182
2013	Zinshteyn	PLosGenet	GSE45366	Δncs2_rpf	SRR788077	polyA	NA	RPF	CHX	GSM1103183
2013	Zinshteyn	PLosGenet	GSE45366	WT_mRNA_1	SRR788078	polyA	NA	mRNA	CHX	GSM1103184
2013	Zinshteyn	PLosGenet	GSE45366	WT_mRNA_2	SRR788079	polyA	NA	mRNA	CHX	GSM1103185
2013	Zinshteyn	PLosGenet	GSE45366	Δncs6_mRNA_1	SRR788080	polyA	NA	mRNA	CHX	GSM1103186
2013	Zinshteyn	PLosGenet	GSE45366	Δncs6_mRNA_2	SRR788081	polyA	NA	mRNA	CHX	GSM1103187
2013	Zinshteyn	PLosGenet	GSE45366	Δuba4_mRNA_1	SRR788082	polyA	NA	mRNA	CHX	GSM1103188
2013	Zinshteyn	PLosGenet	GSE45366	Δuba4_mRNA_2	SRR788083	polyA	NA	mRNA	CHX	GSM1103189
2013	Zinshteyn	PLosGenet	GSE45366	Δelp3_mRNA	SRR788084	polyA	NA	mRNA	CHX	GSM1103190
2013	Zinshteyn	PLosGenet	GSE45366	Δncs2_mRNA	SRR788085	polyA	NA	mRNA	CHX	GSM1103191
2013	Zinshteyn	PLosGenet	GSE45366	WT_mRNA_1_repeat	SRR788086	polyA	NA	mRNA	CHX	GSM1103192
2013	Zinshteyn	PLosGenet	GSE45366	WT_mRNA_2_repeat	SRR788087	polyA	NA	mRNA	CHX	GSM1103193
2013	Zinshteyn	PLosGenet	GSE45366	Δncs6_mRNA_1_repeat	SRR788088	polyA	NA	mRNA	CHX	GSM1103194
2013	Zinshteyn	PLosGenet	GSE45366	Δncs6_mRNA_2_repeat	SRR788089	polyA	NA	mRNA	CHX	GSM1103195
2013	Zinshteyn	PLosGenet	GSE45366	Δuba4_mRNA_1_repeat	SRR788090	polyA	NA	mRNA	CHX	GSM1103196
2013	Zinshteyn	PLosGenet	GSE45366	Δuba4_mRNA_2_repeat	SRR788091	polyA	NA	mRNA	CHX	GSM1103197
2013	Zinshteyn	PLosGenet	GSE45366	Δelp3_mRNA_repeat	SRR788092	polyA	NA	mRNA	CHX	GSM1103198
2013	Zinshteyn	PLosGenet	GSE45366	Δncs2_mRNA_repeat	SRR788093	polyA	NA	mRNA	CHX	GSM1103199
2012	Brar	Science	GSE34082	mRNA_for_exp_veg_cells_str_14201_used_ndt80_release_tc	SRR387838	polyA	NA	mRNA	CHX	GSM843714
2012	Brar	Science	GSE34082	mRNA_for_exp_veg_cells_str_gb15_used_traditional_tc	SRR387839	polyA	NA	mRNA	CHX	GSM843715
2012	Brar	Science	GSE34082	mRNA_A_tp_traditional_tc_premeiotic	SRR387840	polyA	NA	mRNA	CHX	GSM843716
2012	Brar	Science	GSE34082	mRNA_B_tp_traditional_tc	SRR387841	polyA	NA	mRNA	CHX	GSM843717
2012	Brar	Science	GSE34082	mRNA_D_tp_traditional_tc	SRR387842	polyA	NA	mRNA	CHX	GSM843718
2012	Brar	Science	GSE34082	mRNA_E_tp_traditional_tc	SRR387843	polyA	NA	mRNA	CHX	GSM843719
2012	Brar	Science	GSE34082	mRNA_F_tp_traditional_tc	SRR387844	polyA	NA	mRNA	CHX	GSM843720
2012	Brar	Science	GSE34082	mRNA_G_tp_traditional_tc	SRR387845	polyA	NA	mRNA	CHX	GSM843721
2012	Brar	Science	GSE34082	mRNA_i_tp_traditional_tc_the_first_lane_of_this	SRR387846	polyA	NA	mRNA	CHX	GSM843722
2012	Brar	Science	GSE34082	mRNA_i_tp_traditional_tc_the_second_lane_of_this	SRR387847	polyA	NA	mRNA	CHX	GSM843723
2012	Brar	Science	GSE34082	mRNA_K_tp_traditional_tc	SRR387848	polyA	NA	mRNA	CHX	GSM843724
2012	Brar	Science	GSE34082	mRNA_L_tp_traditional_tc	SRR387849	polyA	NA	mRNA	CHX	GSM843725
2012	Brar	Science	GSE34082	mRNA_O_tp_traditional_tc	SRR387850	polyA	NA	mRNA	CHX	GSM843726
2012	Brar	Science	GSE34082	mRNA_1_tp_ndt80_release_tc_premeiotic	SRR387851	polyA	NA	mRNA	CHX	GSM843727
2012	Brar	Science	GSE34082	mRNA_3_tp_ndt80_release_tc	SRR387852	polyA	NA	mRNA	CHX	GSM843728
2012	Brar	Science	GSE34082	mRNA_4_tp_ndt80_release_tc	SRR387853	polyA	NA	mRNA	CHX	GSM843729
2012	Brar	Science	GSE34082	mRNA_5_tp_ndt80_release_tc	SRR387854	polyA	NA	mRNA	CHX	GSM843730
2012	Brar	Science	GSE34082	mRNA_6_tp_ndt80_release_tc	SRR387855	polyA	NA	mRNA	CHX	GSM843731
2012	Brar	Science	GSE34082	mRNA_7_tp_ndt80_release_tc	SRR387856	polyA	NA	mRNA	CHX	GSM843732
2012	Brar	Science	GSE34082	mRNA_8_tp_ndt80_release_tc	SRR387857	polyA	NA	mRNA	CHX	GSM843733
2012	Brar	Science	GSE34082	mRNA_9_tp_ndt80_release_tc	SRR387858	polyA	NA	mRNA	CHX	GSM843734
2012	Brar	Science	GSE34082	mRNA_10_tp_ndt80_release_tc	SRR387859	polyA	NA	mRNA	CHX	GSM843735
2012	Brar	Science	GSE34082	mRNA_11_tp_ndt80_release_tc	SRR387860	polyA	NA	mRNA	CHX	GSM843736
2012	Brar	Science	GSE34082	mRNA_12_tp_ndt80_release_tc	SRR387861	polyA	NA	mRNA	CHX	GSM843737
2012	Brar	Science	GSE34082	mRNA_13_tp_ndt80_release_tc	SRR387862	polyA	NA	mRNA	CHX	GSM843738
2012	Brar	Science	GSE34082	mRNA_15_tp_ndt80_release_tc	SRR387863	polyA	NA	mRNA	CHX	GSM843739
2012	Brar	Science	GSE34082	mRNA_for_mata-a_strain_fig_s6a	SRR387864	polyA	NA	mRNA	CHX	GSM843740
2012	Brar	Science	GSE34082	mRNA_V_tp_traditional_tc	SRR387865	polyA	NA	mRNA	CHX	GSM843741
2012	Brar	Science	GSE34082	mRNA_18_tp_ndt80_release_tc	SRR387866	polyA	NA	mRNA	CHX	GSM843742
2012	Brar	Science	GSE34082	mRNA_for_A14201_meiotic_rep_1	SRR387867	polyA	NA	mRNA	CHX	GSM843743
2012	Brar	Science	GSE34082	mRNA_for_14201_meiotic_rep_2	SRR387868	polyA	NA	mRNA	CHX	GSM843744
2012	Brar	Science	GSE34082	mRNA_for_gb15_meiotic_rep_1	SRR387869	polyA	NA	mRNA	CHX	GSM843745
2012	Brar	Science	GSE34082	mRNA_for_gb15_meiotic_rep_2	SRR387870	polyA	NA	mRNA	CHX	GSM843746
2012	Brar	Science	GSE34082	rpf_for_exp_veg_cells_str_14201_used_ndt80_release_tc	SRR387871	polyA	NA	RPF	CHX	GSM843747
2012	Brar	Science	GSE34082	rpf_for_exp_veg_cells_str_gb15_used_traditional_tc	SRR387872	polyA	NA	RPF	CHX	GSM843748
2012	Brar	Science	GSE34082	rpf_A_tp_traditional_tc_premeiotic	SRR387873	polyA	NA	RPF	CHX	GSM843749
2012	Brar	Science	GSE34082	rpf_B_tp_traditional_tc	SRR387874	polyA	NA	RPF	CHX	GSM843750
2012	Brar	Science	GSE34082	rpf_D_tp_traditional_tc	SRR387875	polyA	NA	RPF	CHX	GSM843751
2012	Brar	Science	GSE34082	rpf_E_tp_traditional_tc_first_lane_of_this	SRR387876	polyA	NA	RPF	CHX	GSM843752
2012	Brar	Science	GSE34082	rpf_E_tp_traditional_tc_second_lane_of_this	SRR387877	polyA	NA	RPF	CHX	GSM843753
2012	Brar	Science	GSE34082	rpf_F_tp_traditional_tc	SRR387878	polyA	NA	RPF	CHX	GSM843754
2012	Brar	Science	GSE34082	rpf_G_tp_traditional_tc_the_first_lane_of_this	SRR387879	polyA	NA	RPF	CHX	GSM843755
2012	Brar	Science	GSE34082	rpf_G_tp_traditional_tc_the_second_lane_of_this	SRR387880	polyA	NA	RPF	CHX	GSM843756
2012	Brar	Science	GSE34082	rpf_i_tp_traditional_tc	SRR387881	polyA	NA	RPF	CHX	GSM843757
2012	Brar	Science	GSE34082	rpf_K_tp_traditional_tc	SRR387882	polyA	NA	RPF	CHX	GSM843758
2012	Brar	Science	GSE34082	rpf_L_tp_traditional_tc	SRR387883	polyA	NA	RPF	CHX	GSM843759
2012	Brar	Science	GSE34082	rpf_O_tp_traditional_tc	SRR387884	polyA	NA	RPF	CHX	GSM843760
2012	Brar	Science	GSE34082	rpf_1_tp_ndt80_release_tc_premeiotic	SRR387885	polyA	NA	RPF	CHX	GSM843761
2012	Brar	Science	GSE34082	rpf_3_tp_ndt80_release_tc	SRR387886	polyA	NA	RPF	CHX	GSM843762
2012	Brar	Science	GSE34082	rpf_4_tp_ndt80_release_tc	SRR387887	polyA	NA	RPF	CHX	GSM843763
2012	Brar	Science	GSE34082	rpf_5_tp_ndt80_release_tc	SRR387888	polyA	NA	RPF	CHX	GSM843764
2012	Brar	Science	GSE34082	rpf_6_tp_ndt80_release_tc	SRR387889	polyA	NA	RPF	CHX	GSM843765
2012	Brar	Science	GSE34082	rpf_7_tp_ndt80_release_tc	SRR387890	polyA	NA	RPF	CHX	GSM843766
2012	Brar	Science	GSE34082	rpf_8_tp_ndt80_release_tc	SRR387891	polyA	NA	RPF	CHX	GSM843767
2012	Brar	Science	GSE34082	rpf_9_tp_ndt80_release_tc	SRR387892	polyA	NA	RPF	CHX	GSM843768
2012	Brar	Science	GSE34082	rpf_10_tp_ndt80_release_tc	SRR387893	polyA	NA	RPF	CHX	GSM843769
2012	Brar	Science	GSE34082	rpf_11_tp_ndt80_release_tc	SRR387894	polyA	NA	RPF	CHX	GSM843770
2012	Brar	Science	GSE34082	rpf_12_tp_ndt80_release_tc_the_first_lane_of_this	SRR387895	polyA	NA	RPF	CHX	GSM843771
2012	Brar	Science	GSE34082	rpf_12_tp_ndt80_release_tc_the_second_lane_of_this	SRR387896	polyA	NA	RPF	CHX	GSM843772
2012	Brar	Science	GSE34082	rpf_13_tp_ndt80_release_tc	SRR387897	polyA	NA	RPF	CHX	GSM843773
2012	Brar	Science	GSE34082	rpf_15_tp_ndt80_release_tc	SRR387898	polyA	NA	RPF	CHX	GSM843774
2012	Brar	Science	GSE34082	rpf_18_tp_ndt80_release_tc	SRR387899	polyA	NA	RPF	CHX	GSM843775
2012	Brar	Science	GSE34082	rpf_for_mata-a_strain_fig_s6a	SRR387900	polyA	NA	RPF	CHX	GSM843776
2012	Brar	Science	GSE34082	rpf_V_tp_traditional_tc	SRR387901	polyA	NA	RPF	CHX	GSM843777
2012	Brar	Science	GSE34082	rpf_for_A14201_meiotic_rep_1	SRR387902	polyA	NA	RPF	CHX	GSM843778
2012	Brar	Science	GSE34082	rpf_for_A14201_meiotic_rep_2	SRR387903	polyA	NA	RPF	CHX	GSM843779
2012	Brar	Science	GSE34082	rpf_for_gb15_meiotic_rep_1	SRR387904	polyA	NA	RPF	CHX	GSM843780
2012	Brar	Science	GSE34082	rpf_for_gb15_meiotic_rep_2	SRR387905	polyA	NA	RPF	CHX	GSM843781
2012	Brar	Science	GSE34082	rpf_for_mata-a_strain_2hr_fig_s6b	SRR387906	polyA	NA	RPF	CHX	GSM843782
2012	Brar	Science	GSE34082	rpf_for_mata-a_strain_4hr_fig_s6b	SRR387907	polyA	NA	RPF	CHX	GSM843783
2009	Ingolia	Science	GSE13750	rpf-rich-1	SRR014376	polyA	NA	RPF	CHX	GSM346111
2009	Ingolia	Science	GSE13750	rpf-rich-2	SRR014379	polyA	NA	RPF	CHX	GSM346114
2009	Ingolia	Science	GSE13750	rpf-starved-1	SRR014369	polyA	NA	RPF	CHX	GSM346115
2009	Ingolia	Science	GSE13750	rpf-starved-2	SRR014371	polyA	NA	RPF	CHX	GSM346116
2009	Ingolia	Science	GSE13750	mRNA-rich-1	SRR014385	polyA	NA	mRNA	CHX	GSM346117
2009	Ingolia	Science	GSE13750	mRNA-rich-2	SRR014387	polyA	NA	mRNA	CHX	GSM346118
2009	Ingolia	Science	GSE13750	mRNA-starved-1	SRR014382	polyA	NA	mRNA	CHX	GSM346120
2009	Ingolia	Science	GSE13750	mRNA-starved-2	SRR014384	polyA	NA	mRNA	CHX	GSM346122
