Codon	Mean	BG	SD
AAA	0.8818	Data	0
AAC	0.7728	Data	0
AAG	0.9299	Data	0
AAT	0.7355	Data	0
ACA	0.9608	Data	0
ACC	0.9677	Data	0
ACG	0.8829	Data	0
ACT	0.8831	Data	0
AGA	0.9858	Data	0
AGC	0.8999	Data	0
AGG	1.0346	Data	0
AGT	0.6825	Data	0
ATA	0.8462	Data	0
ATC	0.7757	Data	0
ATG	2.5008	Data	0
ATT	0.8352	Data	0
CAA	0.6897	Data	0
CAC	0.7979	Data	0
CAG	0.6481	Data	0
CAT	0.6805	Data	0
CCA	0.9821	Data	0
CCC	1.0131	Data	0
CCG	0.9247	Data	0
CCT	0.9013	Data	0
CGA	0.9224	Data	0
CGC	0.8866	Data	0
CGG	1.135	Data	0
CGT	0.9871	Data	0
CTA	0.9219	Data	0
CTC	0.7023	Data	0
CTG	0.7561	Data	0
CTT	0.8738	Data	0
GAA	1.005	Data	0
GAC	0.8512	Data	0
GAG	1.0181	Data	0
GAT	0.8424	Data	0
GCA	1.2026	Data	0
GCC	0.8881	Data	0
GCG	0.9123	Data	0
GCT	0.9555	Data	0
GGA	1.0729	Data	0
GGC	1.0198	Data	0
GGG	1.0934	Data	0
GGT	0.965	Data	0
GTA	1.2215	Data	0
GTC	0.9813	Data	0
GTG	1.2097	Data	0
GTT	1.2292	Data	0
TAC	0.7909	Data	0
TAT	0.7932	Data	0
TCA	0.8281	Data	0
TCC	0.8071	Data	0
TCG	0.6993	Data	0
TCT	0.7244	Data	0
TGC	1.2301	Data	0
TGG	1.3877	Data	0
TGT	1.0983	Data	0
TTA	0.8018	Data	0
TTC	0.8283	Data	0
TTG	0.7969	Data	0
TTT	0.8954	Data	0
AAA	0.7712	CHX	0.4181
AAC	0.6457	CHX	0.4125
AAG	0.8017	CHX	0.4365
AAT	0.6414	CHX	0.4061
ACA	0.8654	CHX	0.4641
ACC	0.7768	CHX	0.4398
ACG	0.8284	CHX	0.4618
ACT	0.8123	CHX	0.4376
AGA	0.8134	CHX	0.441
AGC	0.7397	CHX	0.4584
AGG	0.8772	CHX	0.4854
AGT	0.6354	CHX	0.4211
ATA	0.8273	CHX	0.4601
ATC	0.6883	CHX	0.3943
ATG	1.512	CHX	0.758
ATT	0.7225	CHX	0.4127
CAA	0.7085	CHX	0.422
CAC	0.7127	CHX	0.435
CAG	0.6413	CHX	0.4236
CAT	0.677	CHX	0.42
CCA	0.775	CHX	0.4434
CCC	0.7539	CHX	0.4324
CCG	0.7947	CHX	0.443
CCT	0.7548	CHX	0.4235
CGA	1.084	CHX	0.5891
CGC	0.9479	CHX	0.5572
CGG	0.8366	CHX	0.5366
CGT	0.8496	CHX	0.4559
CTA	0.753	CHX	0.4179
CTC	0.8068	CHX	0.4604
CTG	0.7367	CHX	0.4165
CTT	0.7311	CHX	0.4327
GAA	0.7117	CHX	0.4151
GAC	0.6733	CHX	0.3867
GAG	0.7371	CHX	0.4261
GAT	0.6449	CHX	0.3965
GCA	0.865	CHX	0.5006
GCC	0.6812	CHX	0.4247
GCG	0.786	CHX	0.4301
GCT	0.7534	CHX	0.4279
GGA	0.8202	CHX	0.4548
GGC	0.7029	CHX	0.4749
GGG	0.8011	CHX	0.449
GGT	0.6864	CHX	0.3976
GTA	0.8899	CHX	0.4708
GTC	0.8057	CHX	0.4628
GTG	0.8325	CHX	0.4856
GTT	0.8944	CHX	0.4619
TAC	0.675	CHX	0.3998
TAT	0.6883	CHX	0.4094
TCA	0.7418	CHX	0.4625
TCC	0.7006	CHX	0.4152
TCG	0.6936	CHX	0.4682
TCT	0.6572	CHX	0.4016
TGC	0.8567	CHX	0.5053
TGG	0.843	CHX	0.4753
TGT	0.7353	CHX	0.4555
TTA	0.6678	CHX	0.3878
TTC	0.7175	CHX	0.4102
TTG	0.6382	CHX	0.3734
TTT	0.7837	CHX	0.4336
AAA	0.374	FF	0.1162
AAC	0.3261	FF	0.1506
AAG	0.4075	FF	0.1461
AAT	0.3309	FF	0.1312
ACA	0.3548	FF	0.1327
ACC	0.3158	FF	0.1978
ACG	0.3319	FF	0.1938
ACT	0.3618	FF	0.1494
AGA	0.3724	FF	0.1198
AGC	0.263	FF	0.2426
AGG	0.3541	FF	0.1602
AGT	0.3249	FF	0.1674
ATA	0.3484	FF	0.2547
ATC	0.3522	FF	0.1461
ATG	0.3714	FF	0.2571
ATT	0.3996	FF	0.1294
CAA	0.3338	FF	0.1292
CAC	0.3235	FF	0.137
CAG	0.2686	FF	0.1253
CAT	0.346	FF	0.222
CCA	0.409	FF	0.1659
CCC	0.3589	FF	0.1327
CCG	0.3311	FF	0.1777
CCT	0.3583	FF	0.1417
CGA	0.3793	FF	0.1672
CGC	0.3269	FF	0.2137
CGG	0.2974	FF	0.1398
CGT	0.2945	FF	0.2218
CTA	0.4184	FF	0.1813
CTC	0.3625	FF	0.1944
CTG	0.3834	FF	0.1416
CTT	0.3576	FF	0.171
GAA	0.365	FF	0.1488
GAC	0.3423	FF	0.1589
GAG	0.3251	FF	0.1299
GAT	0.3207	FF	0.1447
GCA	0.3529	FF	0.1336
GCC	0.2759	FF	0.1689
GCG	0.3072	FF	0.1361
GCT	0.2967	FF	0.1754
GGA	0.3545	FF	0.1597
GGC	0.3284	FF	0.1837
GGG	0.3719	FF	0.1898
GGT	0.3379	FF	0.1427
GTA	0.4158	FF	0.1394
GTC	0.382	FF	0.1634
GTG	0.4044	FF	0.1394
GTT	0.3809	FF	0.1691
TAC	0.3667	FF	0.1504
TAT	0.3884	FF	0.1523
TCA	0.3348	FF	0.1778
TCC	0.355	FF	0.188
TCG	0.3308	FF	0.185
TCT	0.3057	FF	0.1812
TGC	0.3948	FF	0.1925
TGG	0.3471	FF	0.1998
TGT	0.3683	FF	0.1801
TTA	0.3696	FF	0.1621
TTC	0.387	FF	0.1169
TTG	0.3716	FF	0.1356
TTT	0.3914	FF	0.1556
