"Year"	"Author"	"Dataset"	"Codon"	"excess_reads"	"CHX"	"SD"
"2015"	"Sen"	"ribo_ded1-ts_rep_1_37_deg"	"AAA"	1.1648	"Data"	0
"2015"	"Sen"	"ribo_ded1-ts_rep_1_37_deg"	"AAC"	1.0072	"Data"	0
"2015"	"Sen"	"ribo_ded1-ts_rep_1_37_deg"	"AAG"	1.1152	"Data"	0
"2015"	"Sen"	"ribo_ded1-ts_rep_1_37_deg"	"AAT"	0.9658	"Data"	0
"2015"	"Sen"	"ribo_ded1-ts_rep_1_37_deg"	"ACA"	1.3213	"Data"	0
"2015"	"Sen"	"ribo_ded1-ts_rep_1_37_deg"	"ACC"	1.1463	"Data"	0
"2015"	"Sen"	"ribo_ded1-ts_rep_1_37_deg"	"ACG"	1.2553	"Data"	0
"2015"	"Sen"	"ribo_ded1-ts_rep_1_37_deg"	"ACT"	1.1715	"Data"	0
"2015"	"Sen"	"ribo_ded1-ts_rep_1_37_deg"	"AGA"	1.1939	"Data"	0
"2015"	"Sen"	"ribo_ded1-ts_rep_1_37_deg"	"AGC"	1.1132	"Data"	0
"2015"	"Sen"	"ribo_ded1-ts_rep_1_37_deg"	"AGG"	1.2703	"Data"	0
"2015"	"Sen"	"ribo_ded1-ts_rep_1_37_deg"	"AGT"	0.9925	"Data"	0
"2015"	"Sen"	"ribo_ded1-ts_rep_1_37_deg"	"ATA"	1.2318	"Data"	0
"2015"	"Sen"	"ribo_ded1-ts_rep_1_37_deg"	"ATC"	0.8733	"Data"	0
"2015"	"Sen"	"ribo_ded1-ts_rep_1_37_deg"	"ATG"	1.5814	"Data"	0
"2015"	"Sen"	"ribo_ded1-ts_rep_1_37_deg"	"ATT"	0.9373	"Data"	0
"2015"	"Sen"	"ribo_ded1-ts_rep_1_37_deg"	"CAA"	1.1529	"Data"	0
"2015"	"Sen"	"ribo_ded1-ts_rep_1_37_deg"	"CAC"	0.9771	"Data"	0
"2015"	"Sen"	"ribo_ded1-ts_rep_1_37_deg"	"CAG"	0.979	"Data"	0
"2015"	"Sen"	"ribo_ded1-ts_rep_1_37_deg"	"CAT"	0.9215	"Data"	0
"2015"	"Sen"	"ribo_ded1-ts_rep_1_37_deg"	"CCA"	1.2096	"Data"	0
"2015"	"Sen"	"ribo_ded1-ts_rep_1_37_deg"	"CCC"	1.169	"Data"	0
"2015"	"Sen"	"ribo_ded1-ts_rep_1_37_deg"	"CCG"	1.2121	"Data"	0
"2015"	"Sen"	"ribo_ded1-ts_rep_1_37_deg"	"CCT"	1.0931	"Data"	0
"2015"	"Sen"	"ribo_ded1-ts_rep_1_37_deg"	"CGA"	1.516	"Data"	0
"2015"	"Sen"	"ribo_ded1-ts_rep_1_37_deg"	"CGC"	1.2627	"Data"	0
"2015"	"Sen"	"ribo_ded1-ts_rep_1_37_deg"	"CGG"	1.3929	"Data"	0
"2015"	"Sen"	"ribo_ded1-ts_rep_1_37_deg"	"CGT"	0.9583	"Data"	0
"2015"	"Sen"	"ribo_ded1-ts_rep_1_37_deg"	"CTA"	1.1272	"Data"	0
"2015"	"Sen"	"ribo_ded1-ts_rep_1_37_deg"	"CTC"	1.2738	"Data"	0
"2015"	"Sen"	"ribo_ded1-ts_rep_1_37_deg"	"CTG"	1.0248	"Data"	0
"2015"	"Sen"	"ribo_ded1-ts_rep_1_37_deg"	"CTT"	1.0962	"Data"	0
"2015"	"Sen"	"ribo_ded1-ts_rep_1_37_deg"	"GAA"	1.0577	"Data"	0
"2015"	"Sen"	"ribo_ded1-ts_rep_1_37_deg"	"GAC"	0.9995	"Data"	0
"2015"	"Sen"	"ribo_ded1-ts_rep_1_37_deg"	"GAG"	1.062	"Data"	0
"2015"	"Sen"	"ribo_ded1-ts_rep_1_37_deg"	"GAT"	0.9035	"Data"	0
"2015"	"Sen"	"ribo_ded1-ts_rep_1_37_deg"	"GCA"	1.2489	"Data"	0
"2015"	"Sen"	"ribo_ded1-ts_rep_1_37_deg"	"GCC"	1.0052	"Data"	0
"2015"	"Sen"	"ribo_ded1-ts_rep_1_37_deg"	"GCG"	1.0046	"Data"	0
"2015"	"Sen"	"ribo_ded1-ts_rep_1_37_deg"	"GCT"	1.0425	"Data"	0
"2015"	"Sen"	"ribo_ded1-ts_rep_1_37_deg"	"GGA"	1.169	"Data"	0
"2015"	"Sen"	"ribo_ded1-ts_rep_1_37_deg"	"GGC"	1.0655	"Data"	0
"2015"	"Sen"	"ribo_ded1-ts_rep_1_37_deg"	"GGG"	1.1186	"Data"	0
"2015"	"Sen"	"ribo_ded1-ts_rep_1_37_deg"	"GGT"	0.9113	"Data"	0
"2015"	"Sen"	"ribo_ded1-ts_rep_1_37_deg"	"GTA"	1.3283	"Data"	0
"2015"	"Sen"	"ribo_ded1-ts_rep_1_37_deg"	"GTC"	1.0067	"Data"	0
"2015"	"Sen"	"ribo_ded1-ts_rep_1_37_deg"	"GTG"	1.2523	"Data"	0
"2015"	"Sen"	"ribo_ded1-ts_rep_1_37_deg"	"GTT"	1.1414	"Data"	0
"2015"	"Sen"	"ribo_ded1-ts_rep_1_37_deg"	"TAC"	0.8946	"Data"	0
"2015"	"Sen"	"ribo_ded1-ts_rep_1_37_deg"	"TAT"	0.9615	"Data"	0
"2015"	"Sen"	"ribo_ded1-ts_rep_1_37_deg"	"TCA"	1.1708	"Data"	0
"2015"	"Sen"	"ribo_ded1-ts_rep_1_37_deg"	"TCC"	0.9101	"Data"	0
"2015"	"Sen"	"ribo_ded1-ts_rep_1_37_deg"	"TCG"	1.0677	"Data"	0
"2015"	"Sen"	"ribo_ded1-ts_rep_1_37_deg"	"TCT"	0.959	"Data"	0
"2015"	"Sen"	"ribo_ded1-ts_rep_1_37_deg"	"TGC"	1.1428	"Data"	0
"2015"	"Sen"	"ribo_ded1-ts_rep_1_37_deg"	"TGG"	1.02	"Data"	0
"2015"	"Sen"	"ribo_ded1-ts_rep_1_37_deg"	"TGT"	1.0073	"Data"	0
"2015"	"Sen"	"ribo_ded1-ts_rep_1_37_deg"	"TTA"	1.0044	"Data"	0
"2015"	"Sen"	"ribo_ded1-ts_rep_1_37_deg"	"TTC"	1.0017	"Data"	0
"2015"	"Sen"	"ribo_ded1-ts_rep_1_37_deg"	"TTG"	0.8872	"Data"	0
"2015"	"Sen"	"ribo_ded1-ts_rep_1_37_deg"	"TTT"	1.1552	"Data"	0
"All"	"All"	"All"	"AAA"	0.7712	"CHX"	0.4181
"All"	"All"	"All"	"AAC"	0.6457	"CHX"	0.4125
"All"	"All"	"All"	"AAG"	0.8017	"CHX"	0.4365
"All"	"All"	"All"	"AAT"	0.6414	"CHX"	0.4061
"All"	"All"	"All"	"ACA"	0.8654	"CHX"	0.4641
"All"	"All"	"All"	"ACC"	0.7768	"CHX"	0.4398
"All"	"All"	"All"	"ACG"	0.8284	"CHX"	0.4618
"All"	"All"	"All"	"ACT"	0.8123	"CHX"	0.4376
"All"	"All"	"All"	"AGA"	0.8134	"CHX"	0.441
"All"	"All"	"All"	"AGC"	0.7397	"CHX"	0.4584
"All"	"All"	"All"	"AGG"	0.8772	"CHX"	0.4854
"All"	"All"	"All"	"AGT"	0.6354	"CHX"	0.4211
"All"	"All"	"All"	"ATA"	0.8273	"CHX"	0.4601
"All"	"All"	"All"	"ATC"	0.6883	"CHX"	0.3943
"All"	"All"	"All"	"ATG"	1.512	"CHX"	0.758
"All"	"All"	"All"	"ATT"	0.7225	"CHX"	0.4127
"All"	"All"	"All"	"CAA"	0.7085	"CHX"	0.422
"All"	"All"	"All"	"CAC"	0.7127	"CHX"	0.435
"All"	"All"	"All"	"CAG"	0.6413	"CHX"	0.4236
"All"	"All"	"All"	"CAT"	0.677	"CHX"	0.42
"All"	"All"	"All"	"CCA"	0.775	"CHX"	0.4434
"All"	"All"	"All"	"CCC"	0.7539	"CHX"	0.4324
"All"	"All"	"All"	"CCG"	0.7947	"CHX"	0.443
"All"	"All"	"All"	"CCT"	0.7548	"CHX"	0.4235
"All"	"All"	"All"	"CGA"	1.084	"CHX"	0.5891
"All"	"All"	"All"	"CGC"	0.9479	"CHX"	0.5572
"All"	"All"	"All"	"CGG"	0.8366	"CHX"	0.5366
"All"	"All"	"All"	"CGT"	0.8496	"CHX"	0.4559
"All"	"All"	"All"	"CTA"	0.753	"CHX"	0.4179
"All"	"All"	"All"	"CTC"	0.8068	"CHX"	0.4604
"All"	"All"	"All"	"CTG"	0.7367	"CHX"	0.4165
"All"	"All"	"All"	"CTT"	0.7311	"CHX"	0.4327
"All"	"All"	"All"	"GAA"	0.7117	"CHX"	0.4151
"All"	"All"	"All"	"GAC"	0.6733	"CHX"	0.3867
"All"	"All"	"All"	"GAG"	0.7371	"CHX"	0.4261
"All"	"All"	"All"	"GAT"	0.6449	"CHX"	0.3965
"All"	"All"	"All"	"GCA"	0.865	"CHX"	0.5006
"All"	"All"	"All"	"GCC"	0.6812	"CHX"	0.4247
"All"	"All"	"All"	"GCG"	0.786	"CHX"	0.4301
"All"	"All"	"All"	"GCT"	0.7534	"CHX"	0.4279
"All"	"All"	"All"	"GGA"	0.8202	"CHX"	0.4548
"All"	"All"	"All"	"GGC"	0.7029	"CHX"	0.4749
"All"	"All"	"All"	"GGG"	0.8011	"CHX"	0.449
"All"	"All"	"All"	"GGT"	0.6864	"CHX"	0.3976
"All"	"All"	"All"	"GTA"	0.8899	"CHX"	0.4708
"All"	"All"	"All"	"GTC"	0.8057	"CHX"	0.4628
"All"	"All"	"All"	"GTG"	0.8325	"CHX"	0.4856
"All"	"All"	"All"	"GTT"	0.8944	"CHX"	0.4619
"All"	"All"	"All"	"TAC"	0.675	"CHX"	0.3998
"All"	"All"	"All"	"TAT"	0.6883	"CHX"	0.4094
"All"	"All"	"All"	"TCA"	0.7418	"CHX"	0.4625
"All"	"All"	"All"	"TCC"	0.7006	"CHX"	0.4152
"All"	"All"	"All"	"TCG"	0.6936	"CHX"	0.4682
"All"	"All"	"All"	"TCT"	0.6572	"CHX"	0.4016
"All"	"All"	"All"	"TGC"	0.8567	"CHX"	0.5053
"All"	"All"	"All"	"TGG"	0.843	"CHX"	0.4753
"All"	"All"	"All"	"TGT"	0.7353	"CHX"	0.4555
"All"	"All"	"All"	"TTA"	0.6678	"CHX"	0.3878
"All"	"All"	"All"	"TTC"	0.7175	"CHX"	0.4102
"All"	"All"	"All"	"TTG"	0.6382	"CHX"	0.3734
"All"	"All"	"All"	"TTT"	0.7837	"CHX"	0.4336
"All"	"All"	"All"	"AAA"	0.374	"FF"	0.1162
"All"	"All"	"All"	"AAC"	0.3261	"FF"	0.1506
"All"	"All"	"All"	"AAG"	0.4075	"FF"	0.1461
"All"	"All"	"All"	"AAT"	0.3309	"FF"	0.1312
"All"	"All"	"All"	"ACA"	0.3548	"FF"	0.1327
"All"	"All"	"All"	"ACC"	0.3158	"FF"	0.1978
"All"	"All"	"All"	"ACG"	0.3319	"FF"	0.1938
"All"	"All"	"All"	"ACT"	0.3618	"FF"	0.1494
"All"	"All"	"All"	"AGA"	0.3724	"FF"	0.1198
"All"	"All"	"All"	"AGC"	0.263	"FF"	0.2426
"All"	"All"	"All"	"AGG"	0.3541	"FF"	0.1602
"All"	"All"	"All"	"AGT"	0.3249	"FF"	0.1674
"All"	"All"	"All"	"ATA"	0.3484	"FF"	0.2547
"All"	"All"	"All"	"ATC"	0.3522	"FF"	0.1461
"All"	"All"	"All"	"ATG"	0.3714	"FF"	0.2571
"All"	"All"	"All"	"ATT"	0.3996	"FF"	0.1294
"All"	"All"	"All"	"CAA"	0.3338	"FF"	0.1292
"All"	"All"	"All"	"CAC"	0.3235	"FF"	0.137
"All"	"All"	"All"	"CAG"	0.2686	"FF"	0.1253
"All"	"All"	"All"	"CAT"	0.346	"FF"	0.222
"All"	"All"	"All"	"CCA"	0.409	"FF"	0.1659
"All"	"All"	"All"	"CCC"	0.3589	"FF"	0.1327
"All"	"All"	"All"	"CCG"	0.3311	"FF"	0.1777
"All"	"All"	"All"	"CCT"	0.3583	"FF"	0.1417
"All"	"All"	"All"	"CGA"	0.3793	"FF"	0.1672
"All"	"All"	"All"	"CGC"	0.3269	"FF"	0.2137
"All"	"All"	"All"	"CGG"	0.2974	"FF"	0.1398
"All"	"All"	"All"	"CGT"	0.2945	"FF"	0.2218
"All"	"All"	"All"	"CTA"	0.4184	"FF"	0.1813
"All"	"All"	"All"	"CTC"	0.3625	"FF"	0.1944
"All"	"All"	"All"	"CTG"	0.3834	"FF"	0.1416
"All"	"All"	"All"	"CTT"	0.3576	"FF"	0.171
"All"	"All"	"All"	"GAA"	0.365	"FF"	0.1488
"All"	"All"	"All"	"GAC"	0.3423	"FF"	0.1589
"All"	"All"	"All"	"GAG"	0.3251	"FF"	0.1299
"All"	"All"	"All"	"GAT"	0.3207	"FF"	0.1447
"All"	"All"	"All"	"GCA"	0.3529	"FF"	0.1336
"All"	"All"	"All"	"GCC"	0.2759	"FF"	0.1689
"All"	"All"	"All"	"GCG"	0.3072	"FF"	0.1361
"All"	"All"	"All"	"GCT"	0.2967	"FF"	0.1754
"All"	"All"	"All"	"GGA"	0.3545	"FF"	0.1597
"All"	"All"	"All"	"GGC"	0.3284	"FF"	0.1837
"All"	"All"	"All"	"GGG"	0.3719	"FF"	0.1898
"All"	"All"	"All"	"GGT"	0.3379	"FF"	0.1427
"All"	"All"	"All"	"GTA"	0.4158	"FF"	0.1394
"All"	"All"	"All"	"GTC"	0.382	"FF"	0.1634
"All"	"All"	"All"	"GTG"	0.4044	"FF"	0.1394
"All"	"All"	"All"	"GTT"	0.3809	"FF"	0.1691
"All"	"All"	"All"	"TAC"	0.3667	"FF"	0.1504
"All"	"All"	"All"	"TAT"	0.3884	"FF"	0.1523
"All"	"All"	"All"	"TCA"	0.3348	"FF"	0.1778
"All"	"All"	"All"	"TCC"	0.355	"FF"	0.188
"All"	"All"	"All"	"TCG"	0.3308	"FF"	0.185
"All"	"All"	"All"	"TCT"	0.3057	"FF"	0.1812
"All"	"All"	"All"	"TGC"	0.3948	"FF"	0.1925
"All"	"All"	"All"	"TGG"	0.3471	"FF"	0.1998
"All"	"All"	"All"	"TGT"	0.3683	"FF"	0.1801
"All"	"All"	"All"	"TTA"	0.3696	"FF"	0.1621
"All"	"All"	"All"	"TTC"	0.387	"FF"	0.1169
"All"	"All"	"All"	"TTG"	0.3716	"FF"	0.1356
"All"	"All"	"All"	"TTT"	0.3914	"FF"	0.1556
